{"error": false, "size": [1920, 1080], "name": "Fantasy Ren'py GUI template", "version": "1.0", "location": {"label": {"ink_demo": ["game/inkbar.rpy", 13], "nostro1": ["game/nostro.rpy", 3], "nostro1_menu": ["game/nostro.rpy", 67], "nostro1_wrong": ["game/nostro.rpy", 76], "nostro1_right": ["game/nostro.rpy", 84], "nostro2": ["game/nostro.rpy", 91], "nostro2_menu": ["game/nostro.rpy", 152], "nostro2_wrong": ["game/nostro.rpy", 161], "nostro2_right": ["game/nostro.rpy", 167], "nostro3": ["game/nostro.rpy", 174], "nostro3_menu": ["game/nostro.rpy", 211], "nostro3_wrong": ["game/nostro.rpy", 220], "nostro3_right": ["game/nostro.rpy", 226], "nostro3andahalf": ["game/nostro.rpy", 233], "nostro4": ["game/nostro.rpy", 245], "notebook_demo": ["game/notebook.rpy", 46], "peregrine1": ["game/peregrine.rpy", 6], "peregrine1_menu": ["game/peregrine.rpy", 100], "peregrine1_wrong": ["game/peregrine.rpy", 110], "peregrine1_right": ["game/peregrine.rpy", 116], "peregrine2": ["game/peregrine.rpy", 124], "peregrine2_menu": ["game/peregrine.rpy", 147], "peregrine2_wrong": ["game/peregrine.rpy", 157], "peregrine2_right": ["game/peregrine.rpy", 163], "peregrine3": ["game/peregrine.rpy", 170], "peregrine3_menu": ["game/peregrine.rpy", 234], "peregrine3_wrong": ["game/peregrine.rpy", 243], "peregrine3_right": ["game/peregrine.rpy", 249], "peregrine3andahalf": ["game/peregrine.rpy", 256], "peregrine4": ["game/peregrine.rpy", 284], "start": ["game/script.rpy", 124], "game_end": ["game/script.rpy", 129], "synthea1": ["game/synthea.rpy", 2], "synthea1_menu": ["game/synthea.rpy", 64], "synthea1_wrong": ["game/synthea.rpy", 74], "synthea1_right": ["game/synthea.rpy", 79], "synthea2": ["game/synthea.rpy", 89], "synthea2_menu": ["game/synthea.rpy", 121], "synthea2_wrong": ["game/synthea.rpy", 130], "synthea2_right": ["game/synthea.rpy", 135], "synthea3": ["game/synthea.rpy", 142], "call_timelineUI": ["game/timeline.rpy", 11], "timeline_pressed_final": ["game/timeline.rpy", 69], "toshi1": ["game/toshi.rpy", 11], "toshi1_menu": ["game/toshi.rpy", 111], "toshi1_wrong": ["game/toshi.rpy", 121], "toshi1_right": ["game/toshi.rpy", 127], "toshi2": ["game/toshi.rpy", 134], "toshi2_menu": ["game/toshi.rpy", 195], "toshi2_wrong": ["game/toshi.rpy", 205], "toshi2_right": ["game/toshi.rpy", 211], "toshi3": ["game/toshi.rpy", 218], "toshi3_menu": ["game/toshi.rpy", 263], "toshi3_wrong": ["game/toshi.rpy", 273], "toshi3_right": ["game/toshi.rpy", 279], "toshi3andahalf": ["game/toshi.rpy", 286], "toshi4": ["game/toshi.rpy", 295], "tutorial": ["game/tutorial.rpy", 4]}, "define": {"gui.accent_color": ["game/gui.rpy", 26], "gui.idle_color": ["game/gui.rpy", 29], "gui.idle_small_color": ["game/gui.rpy", 33], "gui.hover_color": ["game/gui.rpy", 36], "gui.selected_color": ["game/gui.rpy", 40], "gui.insensitive_color": ["game/gui.rpy", 43], "gui.muted_color": ["game/gui.rpy", 47], "gui.hover_muted_color": ["game/gui.rpy", 48], "gui.text_color": ["game/gui.rpy", 51], "gui.interface_text_color": ["game/gui.rpy", 52], "gui.text_font": ["game/gui.rpy", 58], "gui.name_text_font": ["game/gui.rpy", 61], "gui.interface_text_font": ["game/gui.rpy", 64], "gui.text_size": ["game/gui.rpy", 67], "gui.name_text_size": ["game/gui.rpy", 70], "gui.interface_text_size": ["game/gui.rpy", 73], "gui.label_text_size": ["game/gui.rpy", 76], "gui.notify_text_size": ["game/gui.rpy", 79], "gui.title_text_size": ["game/gui.rpy", 82], "gui.main_menu_background": ["game/gui.rpy", 88], "gui.game_menu_background": ["game/gui.rpy", 89], "gui.textbox_height": ["game/gui.rpy", 98], "gui.textbox_yalign": ["game/gui.rpy", 102], "gui.name_xpos": ["game/gui.rpy", 107], "gui.name_ypos": ["game/gui.rpy", 108], "gui.name_xalign": ["game/gui.rpy", 112], "gui.namebox_width": ["game/gui.rpy", 116], "gui.namebox_height": ["game/gui.rpy", 117], "gui.namebox_borders": ["game/gui.rpy", 121], "gui.namebox_tile": ["game/gui.rpy", 125], "gui.dialogue_xpos": ["game/gui.rpy", 131], "gui.dialogue_ypos": ["game/gui.rpy", 132], "gui.dialogue_width": ["game/gui.rpy", 135], "gui.dialogue_text_xalign": ["game/gui.rpy", 139], "gui.button_width": ["game/gui.rpy", 148], "gui.button_height": ["game/gui.rpy", 149], "gui.button_borders": ["game/gui.rpy", 152], "gui.button_tile": ["game/gui.rpy", 156], "gui.button_text_font": ["game/gui.rpy", 159], "gui.button_text_size": ["game/gui.rpy", 162], "gui.button_text_idle_color": ["game/gui.rpy", 165], "gui.button_text_hover_color": ["game/gui.rpy", 166], "gui.button_text_selected_color": ["game/gui.rpy", 167], "gui.button_text_insensitive_color": ["game/gui.rpy", 168], "gui.button_text_xalign": ["game/gui.rpy", 172], "gui.radio_button_borders": ["game/gui.rpy", 181], "gui.check_button_borders": ["game/gui.rpy", 183], "gui.confirm_button_text_xalign": ["game/gui.rpy", 185], "gui.page_button_borders": ["game/gui.rpy", 187], "gui.quick_button_borders": ["game/gui.rpy", 189], "gui.quick_button_text_size": ["game/gui.rpy", 190], "gui.quick_button_text_idle_color": ["game/gui.rpy", 191], "gui.quick_button_text_selected_color": ["game/gui.rpy", 192], "gui.choice_button_width": ["game/gui.rpy", 205], "gui.choice_button_height": ["game/gui.rpy", 206], "gui.choice_button_tile": ["game/gui.rpy", 207], "gui.choice_button_borders": ["game/gui.rpy", 208], "gui.choice_button_text_font": ["game/gui.rpy", 209], "gui.choice_button_text_size": ["game/gui.rpy", 210], "gui.choice_button_text_xalign": ["game/gui.rpy", 211], "gui.choice_button_text_idle_color": ["game/gui.rpy", 212], "gui.choice_button_text_hover_color": ["game/gui.rpy", 213], "gui.choice_button_text_insensitive_color": ["game/gui.rpy", 214], "gui.slot_button_width": ["game/gui.rpy", 224], "gui.slot_button_height": ["game/gui.rpy", 225], "gui.slot_button_borders": ["game/gui.rpy", 226], "gui.slot_button_text_size": ["game/gui.rpy", 227], "gui.slot_button_text_xalign": ["game/gui.rpy", 228], "gui.slot_button_text_idle_color": ["game/gui.rpy", 229], "gui.slot_button_text_selected_idle_color": ["game/gui.rpy", 230], "gui.slot_button_text_selected_hover_color": ["game/gui.rpy", 231], "config.thumbnail_width": ["game/gui.rpy", 234], "config.thumbnail_height": ["game/gui.rpy", 235], "gui.file_slot_cols": ["game/gui.rpy", 238], "gui.file_slot_rows": ["game/gui.rpy", 239], "gui.navigation_xpos": ["game/gui.rpy", 249], "gui.skip_ypos": ["game/gui.rpy", 252], "gui.notify_ypos": ["game/gui.rpy", 255], "gui.choice_spacing": ["game/gui.rpy", 258], "gui.navigation_spacing": ["game/gui.rpy", 261], "gui.pref_spacing": ["game/gui.rpy", 264], "gui.pref_button_spacing": ["game/gui.rpy", 267], "gui.page_spacing": ["game/gui.rpy", 270], "gui.slot_spacing": ["game/gui.rpy", 273], "gui.main_menu_text_xalign": ["game/gui.rpy", 276], "gui.frame_borders": ["game/gui.rpy", 285], "gui.confirm_frame_borders": ["game/gui.rpy", 288], "gui.skip_frame_borders": ["game/gui.rpy", 291], "gui.notify_frame_borders": ["game/gui.rpy", 294], "gui.frame_tile": ["game/gui.rpy", 297], "gui.bar_size": ["game/gui.rpy", 309], "gui.scrollbar_size": ["game/gui.rpy", 310], "gui.slider_size": ["game/gui.rpy", 311], "gui.bar_tile": ["game/gui.rpy", 314], "gui.scrollbar_tile": ["game/gui.rpy", 315], "gui.slider_tile": ["game/gui.rpy", 316], "gui.bar_borders": ["game/gui.rpy", 319], "gui.scrollbar_borders": ["game/gui.rpy", 320], "gui.slider_borders": ["game/gui.rpy", 321], "gui.vbar_borders": ["game/gui.rpy", 324], "gui.vscrollbar_borders": ["game/gui.rpy", 325], "gui.vslider_borders": ["game/gui.rpy", 326], "gui.unscrollable": ["game/gui.rpy", 330], "config.history_length": ["game/gui.rpy", 338], "gui.history_height": ["game/gui.rpy", 342], "gui.history_name_xpos": ["game/gui.rpy", 346], "gui.history_name_ypos": ["game/gui.rpy", 347], "gui.history_name_width": ["game/gui.rpy", 348], "gui.history_name_xalign": ["game/gui.rpy", 349], "gui.history_text_xpos": ["game/gui.rpy", 352], "gui.history_text_ypos": ["game/gui.rpy", 353], "gui.history_text_width": ["game/gui.rpy", 354], "gui.history_text_xalign": ["game/gui.rpy", 355], "gui.nvl_borders": ["game/gui.rpy", 363], "gui.nvl_list_length": ["game/gui.rpy", 367], "gui.nvl_height": ["game/gui.rpy", 371], "gui.nvl_spacing": ["game/gui.rpy", 375], "gui.nvl_name_xpos": ["game/gui.rpy", 379], "gui.nvl_name_ypos": ["game/gui.rpy", 380], "gui.nvl_name_width": ["game/gui.rpy", 381], "gui.nvl_name_xalign": ["game/gui.rpy", 382], "gui.nvl_text_xpos": ["game/gui.rpy", 385], "gui.nvl_text_ypos": ["game/gui.rpy", 386], "gui.nvl_text_width": ["game/gui.rpy", 387], "gui.nvl_text_xalign": ["game/gui.rpy", 388], "gui.nvl_thought_xpos": ["game/gui.rpy", 392], "gui.nvl_thought_ypos": ["game/gui.rpy", 393], "gui.nvl_thought_width": ["game/gui.rpy", 394], "gui.nvl_thought_xalign": ["game/gui.rpy", 395], "gui.nvl_button_xpos": ["game/gui.rpy", 398], "gui.nvl_button_xalign": ["game/gui.rpy", 399], "gui.language": ["game/gui.rpy", 407], "config.narrator_menu": ["game/screens.rpy", 217], "quick_menu": ["game/screens.rpy", 271], "gui.history_allow_tags": ["game/screens.rpy", 893], "config.nvl_list_length": ["game/screens.rpy", 1277], "nostro": ["game/nostro.rpy", 1], "wrong_answer_label": ["game/toshi.rpy", 266], "right_answer_label": ["game/toshi.rpy", 267], "right_answer": ["game/toshi.rpy", 268], "notebook_items": ["game/notebook.rpy", 13], "current_item": ["game/notebook.rpy", 14], "config.name": ["game/options.rpy", 15], "gui.show_name": ["game/options.rpy", 21], "config.version": ["game/options.rpy", 26], "gui.about": ["game/options.rpy", 32], "build.name": ["game/options.rpy", 40], "config.has_sound": ["game/options.rpy", 48], "config.has_music": ["game/options.rpy", 49], "config.has_voice": ["game/options.rpy", 50], "config.main_menu_music": ["game/options.rpy", 64], "config.enter_transition": ["game/options.rpy", 75], "config.exit_transition": ["game/options.rpy", 76], "config.intra_transition": ["game/options.rpy", 81], "config.after_load_transition": ["game/options.rpy", 86], "config.end_game_transition": ["game/options.rpy", 91], "config.window": ["game/options.rpy", 108], "config.window_show_transition": ["game/options.rpy", 113], "config.window_hide_transition": ["game/options.rpy", 114], "config.save_directory": ["game/options.rpy", 145], "config.window_icon": ["game/options.rpy", 152], "peregrine": ["game/peregrine.rpy", 4], "audio.gamemusic": ["game/script.rpy", 116], "name": ["game/script.rpy", 118], "ink": ["game/script.rpy", 119], "synthea": ["game/synthea.rpy", 1], "toshi": ["game/toshi.rpy", 1], "toshi_unknown": ["game/toshi.rpy", 2], "elias": ["game/tutorial.rpy", 1], "mc": ["game/tutorial.rpy", 31], "part1": ["game/tutorial.rpy", 43], "part2": ["game/tutorial.rpy", 44], "part3": ["game/tutorial.rpy", 45], "part4": ["game/tutorial.rpy", 46]}, "screen": {"say": ["game/screens.rpy", 98], "input": ["game/screens.rpy", 174], "choice": ["game/screens.rpy", 207], "quick_menu": ["game/screens.rpy", 1346], "navigation": ["game/screens.rpy", 292], "main_menu": ["game/screens.rpy", 369], "game_menu": ["game/screens.rpy", 490], "about": ["game/screens.rpy", 617], "load_save_slot": ["game/screens.rpy", 679], "load": ["game/screens.rpy", 684], "save": ["game/screens.rpy", 729], "preferences": ["game/screens.rpy", 783], "history": ["game/screens.rpy", 836], "help": ["game/screens.rpy", 902], "keyboard_help": ["game/screens.rpy", 946], "mouse_help": ["game/screens.rpy", 991], "gamepad_help": ["game/screens.rpy", 1012], "confirm": ["game/screens.rpy", 1066], "skip_indicator": ["game/screens.rpy", 1129], "notify": ["game/screens.rpy", 1185], "nvl": ["game/screens.rpy", 1224], "nvl_dialogue": ["game/screens.rpy", 1256], "galleryA": ["game/gallery/galleryA.rpy", 41], "galleryB": ["game/gallery/galleryB.rpy", 39], "galleryC": ["game/gallery/galleryC.rpy", 39], "galleryD": ["game/gallery/galleryD.rpy", 38], "gallery_navigation": ["game/gallery/gallery_navigation.rpy", 1], "inkbar": ["game/inkbar.rpy", 1], "notebook_display_toggle": ["game/notebook.rpy", 1], "notebook_item_description": ["game/notebook.rpy", 25], "notebook_menu": ["game/notebook.rpy", 66], "timelineButton": ["game/timeline.rpy", 2], "TimelineUI": ["game/timeline.rpy", 15], "fullscreen_garden": ["game/toshi.rpy", 4]}, "transform": {"delayed_blink": ["game/screens.rpy", 1147], "notify_appear": ["game/screens.rpy", 1196], "stretch_to_fill": ["game/toshi.rpy", 7], "default_zoom": ["game/script.rpy", 1]}, "callable": {}}, "build": {"directory_name": "Fantasy Ren'py GUI template-1.0", "executable_name": "Fantasy Ren'py GUI template", "include_update": false, "packages": [{"name": "gameonly", "formats": ["null"], "file_lists": ["all"], "description": "Game-Only Update for Mobile", "update": true, "dlc": false, "hidden": true}, {"name": "pc", "formats": ["zip"], "file_lists": ["windows", "linux", "renpy", "all"], "description": "PC: Windows and Linux", "update": true, "dlc": false, "hidden": false}, {"name": "linux", "formats": ["tar.bz2"], "file_lists": ["linux", "linux_arm", "renpy", "all"], "description": "Linux", "update": true, "dlc": false, "hidden": false}, {"name": "mac", "formats": ["app-zip", "app-dmg"], "file_lists": ["mac", "renpy", "all"], "description": "Macintosh", "update": true, "dlc": false, "hidden": false}, {"name": "win", "formats": ["zip"], "file_lists": ["windows", "renpy", "all"], "description": "Windows", "update": true, "dlc": false, "hidden": false}, {"name": "market", "formats": ["bare-zip"], "file_lists": ["windows", "linux", "mac", "renpy", "all"], "description": "Windows, Mac, Linux for Markets", "update": true, "dlc": false, "hidden": false}, {"name": "steam", "formats": ["zip"], "file_lists": ["windows", "linux", "mac", "renpy", "all"], "description": "steam", "update": true, "dlc": false, "hidden": true}, {"name": "android", "formats": ["directory"], "file_lists": ["android", "all"], "description": "android", "update": false, "dlc": true, "hidden": true}, {"name": "ios", "formats": ["directory"], "file_lists": ["ios", "all"], "description": "ios", "update": false, "dlc": true, "hidden": true}, {"name": "web", "formats": ["zip"], "file_lists": ["web", "renpy", "all"], "description": "web", "update": false, "dlc": true, "hidden": true}], "archives": [["archive", ["all"]]], "documentation_patterns": ["*.html", "*.txt"], "base_patterns": [["*.py", null], ["*.sh", null], ["*.app/", null], ["*.dll", null], ["*.manifest", null], ["*.keystore", null], ["update.pem", null], ["lib/", null], ["renpy/", null], ["update/", null], ["common/", null], ["update/", null], ["old-game/", null], ["base/", null], ["icon.ico", null], ["icon.icns", null], ["project.json", null], ["log.txt", null], ["errors.txt", null], ["traceback.txt", null], ["image_cache.txt", null], ["text_overflow.txt", null], ["dialogue.txt", null], ["dialogue.tab", null], ["profile_screen.txt", null], ["files.txt", null], ["memory.txt", null], ["tmp/", null], ["game/saves/", null], ["game/bytecode.rpyb", null], ["archived/", null], ["launcherinfo.py", null], ["android.txt", null], ["game/presplash*.*", ["all"]], ["android.json", ["android"]], [".android.json", ["android"]], ["android-*.png", ["android"]], ["android-*.jpg", ["android"]], ["ouya_icon.png", null], ["ios-presplash.*", ["ios"]], ["ios-launchimage.png", null], ["ios-icon.png", null], ["web-presplash.png", ["web"]], ["web-presplash.jpg", ["web"]], ["web-presplash.webp", ["web"]], ["web-icon.png", ["web"]], ["progressive_download.txt", ["web"]], ["steam_appid.txt", null], ["game/cache/bytecode-39.rpyb", ["all"]], ["game/cache/bytecode-311.rpyb", ["web"]], ["game/cache/bytecode-*.rpyb", null], ["game/cache/build_info.json", null], ["game/cache/build_time.txt", null], ["**~", null], ["**.bak", null], ["**/.**", null], ["**/#**", null], ["**/thumbs.db", null], [".*", null], ["**", ["all"]]], "renpy_patterns": [["renpy/common/_compat/**", null], ["renpy/common/_roundrect/**", null], ["renpy/common/_outline/**", null], ["renpy/common/_theme**", null], ["renpy/**__pycache__/**.cpython-39.pyc", ["all"]], ["renpy/**__pycache__", ["all"]], ["**~", null], ["**/#*", null], ["**/.*", null], ["**.old", null], ["**.new", null], ["**.rpa", null], ["**/steam_appid.txt", null], ["renpy.py", ["all"]], ["renpy/", ["all"]], ["renpy/**.py", ["renpy"]], ["renpy/**.pxd", null], ["renpy/**.pxi", null], ["renpy/**.pyx", null], ["renpy/**.pyc", null], ["renpy/**.pyo", null], ["renpy/common/", ["all"]], ["renpy/common/_compat/**", ["renpy"]], ["renpy/common/**.rpy", ["renpy"]], ["renpy/common/**.rpym", ["renpy"]], ["renpy/common/_compat/**", ["renpy"]], ["renpy/common/**", ["all"]], ["renpy/**", ["all"]], ["lib/*/renpy", null], ["lib/*/renpy.exe", null], ["lib/*/pythonw.exe", null], ["lib/py2-*/", null], ["lib/py*-windows-i686/**", ["windows_i686"]], ["lib/py*-windows-x86_64/**", ["windows"]], ["lib/py*-linux-i686/**", ["linux_i686"]], ["lib/py*-linux-aarch64/**", ["linux_arm"]], ["lib/py*-linux-armv7l/**", ["linux_arm"]], ["lib/py*-linux-*/**", ["linux"]], ["lib/py*-mac-*/**", ["mac"]], ["lib/python2.*/**", null], ["lib/**", ["windows", "linux", "mac", "android", "ios"]], ["renpy.sh", ["linux", "mac"]]], "xbit_patterns": ["**.sh", "lib/py*-linux-*/*", "lib/py*-mac-*/*", "**.app/Contents/MacOS/*"], "version": "1.0", "display_name": "Fantasy Ren'py GUI template", "exclude_empty_directories": true, "allow_integrated_gpu": true, "renpy": false, "script_version": true, "destination": "Fantasy Ren'py GUI template-1.0-dists", "itch_channels": {"*-all.zip": "win-osx-linux", "*-market.zip": "win-osx-linux", "*-pc.zip": "win-linux", "*-win.zip": "win", "*-mac.zip": "osx", "*-linux.tar.bz2": "linux", "*-release.apk": "android"}, "mac_info_plist": {}, "merge": [["linux_i686", "linux"], ["windows_i686", "windows"]], "include_i686": true, "change_icon_i686": true, "android_permissions": [], "_sdk_fonts": false, "update_formats": ["rpu"], "info": {"info": {}, "time": 1721606231.124007, "name": "Fantasy Ren'py GUI template", "version": "1.0"}}}